Tabela síntese - Scopus,,,,,,,,,,,
(a) n. do estudo,Artigo,QP1 - Como a literatura sobre Interação Humano-Dados (IHD) evoluiu em conceito e prática na última década (2014-2024)?,QP2 - Quais são as principais diferenças entre as abordagens teóricas e as implementações práticas relatadas na literatura nos últimos dez anos (2014-2024)?,QP3 - Quais lacunas na pesquisa atual são recorrentemente citadas nos estudos?,"QP4 - Antes da abordagem de IHD, havia alguma abordagem para facilitar o entendimento sobre a gestão de dados em aplicações?",QP5 - Qual é a importância de aplicação da IHD no contexto de Smart City?,,"QPS1 - Quais métodos de avaliação (ex: testes de usabilidade, eye-tracking) são usados para medir a eficácia da IHD?",QPS2 - Quais elementos de sistemas IHD ajudam usuários inexperientes digitalmente a entender melhor os dados?,QPS3 - Os estudos de caso testaram algum framework utilizando IHD?,QPS4 - De que forma fatores etnicos-culturais podem influenciar na forma de aplicação da IHD?
74,"Elhamdadi et al., 2020","Evolui da medição estrita de usabilidade técnica (precisão, tempo) para a avaliação de estados cognitivos e emocionais complexos. Conceitualmente, incorpora a ""confiança calibrada"" como meta de design para a interação.","Teoricamente, visualizações devem ser inerentemente confiáveis. Na prática, inexiste consenso metodológico sobre como definir ou medir essa confiança, o que impede a criação de modelos robustos de IHD.","Falta de métricas empíricas validadas especificamente para o domínio da visualização de dados, o que força pesquisadores a usar métricas improvisadas (ad hoc) que podem não ser estatisticamente confiáveis.","O campo focava estritamente em métricas de desempenho objetivo ou questionários de preferência estética de interface, ignorando por completo a dimensão interpessoal e sistêmica da confiança algorítmica.","A confiança sistêmica é a base inegociável para que o cidadão aceite, interprete e utilize dados públicos (como índices de criminalidade ou níveis de poluição) visando embasar as suas decisões de vida diária na cidade.",,"Propõe o uso de escalas psicométricas (Likert), jogos de investimento empíricos (da economia comportamental) e tarefas de escolha forçada para testar e quantificar a métrica de ""confiança"".","Destaca que o cidadão chega à confiança através de heurísticas e experiências pessoais. O design deve guiar esse processo com interfaces que combatam tanto a ""confiança cega"" quanto a ""desconfiança infundada"", tornando a lógica dos dados transparente.","Vincula a IHD a teorias de Confiança Interpessoal e Confiança em Automação, estruturando a avaliação através de escalas psicométricas (Likert) e jogos de investimento comportamental.","Destaca que a confiança é intrinsecamente modulada por cultura, preferências individuais e pelo contexto social específico em que o dado é apresentado, invalidando modelos de design universais e rígidos."
76,"Bartram et al., 2021","Transita da busca pela pureza técnica do dado (estruturado para máquinas) para a valorização do ""dado humano"", flexível e contextual. Na prática, valida ferramentas tradicionais que já promovem a Autonomia do Usuário.","Enquanto a teoria prega que os dados devem ser rigidamente limpos e estruturados (""tidy"") para análise computacional, a prática demonstra que tabelas não estruturadas (""untidy"") são muito mais eficazes para o raciocínio humano e a colaboração, pois preservam o contexto real.","Lacuna no design de ferramentas modernas de visualização, as quais impõem estruturas de interação rígidas que desencorajam a exploração livre e a manipulação direta que planilhas rudimentares ainda permitem.","Priorizavam a automação cega e a conformidade técnica em bancos de dados. O trabalho humano criativo de interpretação era invisibilizado em favor de uma suposta ""pureza"" e estruturação estrita desenhada apenas para as máquinas.","O uso de tabelas rudimentares (""untidy"") por cidadãos atua como ferramenta cívica para monitorar gastos domésticos e consumo de energia, configurando-se como a verdadeira porta de entrada orgânica para o Letramento em Dados na cidade.",,"Utiliza uma síntese teórica e análise funcional de artefatos de dados, baseando-se em princípios fundamentais da análise visual e da ciência cognitiva.","Propõe a manutenção de tabelas simples e estruturadas, aproveitando habilidades humanas básicas de organização espacial e categorização, dispensando a necessidade de linguagens de programação complexas para o uso cotidiano.","Conecta a IHD com o conceito de ""Tidy Data"" (Wickham) e teorias de Desenvolvimento Cognitivo (Piaget) para fundamentar a análise funcional de artefatos de dados.","Argumenta que a flexibilidade das tabelas permite que diferentes culturas e grupos sociais adaptem a tecnologia às suas necessidades específicas de registro e comunicação, revelando que a forma de organizar dados reflete práticas culturais locais."
78,"Xia et al., 2022","Expande o conceito ao incorporar a materialidade e as propriedades sensoriais. Na prática, transita da visualização plana em telas (2D) para a Fisicalização de Dados (3D), facilitando a compreensão de abstrações estatísticas.","Teoricamente, as visualizações gráficas tradicionais seriam suficientes para comunicar informações. Na prática, a aplicação da Fisicalização de Dados para estatísticas intangíveis (como taxas de extinção) cria uma conexão emocional e cognitiva que telas bidimensionais falham em estabelecer.","Incerteza metodológica sobre como as pessoas realmente interagem fisicamente com volumes massivos de dados, e carência de métodos materiais que engajem o público de forma não técnica ou abstrata.","O foco limitava-se a interfaces digitais bidimensionais e representações estatísticas abstratas em telas gráficas, operando de forma muito distante da materialidade e da experiência sensorial tátil do usuário final.","Aplica a IHD em dados abertos (ex: biodiversidade escocesa) para conectar diretamente os cidadãos a questões ecológicas globais, provando que a materialização da informação aumenta criticamente a consciência social e ambiental metropolitana.",,"Utilizou a criação de protótipos interativos táteis avaliados através da observação ativa e da análise de respostas de 60 membros do público, focando em significado, valor e conexão emocional.","Adota a Fisicalização de Dados (tornar o dado um objeto tocável) como ponte para usuários leigos, permitindo que a intuição sensorial e a manipulação manual substituam a exigência de letramento técnico em interfaces digitais.","Integra a IHD com teorias de design de materiais e tecnologias tangíveis, validando o protótipo através de observação empírica focada em significado, valor e conexão emocional.","Utiliza dados locais de espécies da Escócia para gerar relevância cultural e geográfica direta para os participantes, comprovando que o engajamento com a Fisicalização de Dados depende da proximidade da informação com o cotidiano do usuário."
81,"Briggs & Cafaro, 2021","Evolui da IHC tradicional, focada estritamente na usabilidade de interfaces, para a investigação de como humanos exploram macroconjuntos informacionais. Na prática, aplica a IHD para mitigar a datificação preditiva em políticas institucionais.","Enquanto a teoria educacional propõe o uso de mineração avançada para predições precisas, a prática revela infraestruturas fragmentadas. Essa falha obriga os profissionais a criarem ""bancos de dados sombra"" caseiros em planilhas, operando à margem da governança institucional.","Ausência de padrões consistentes para o acesso a dados no ensino superior, falta de treinamento formal para usuários finais que atuam como analistas institucionais, e negligência acadêmica sobre o ""trabalho invisível"" do processamento de dados.","A Interação Humano-Computador (IHC) tradicional focava estritamente na produtividade industrial e na usabilidade de sistemas locais, dependendo de especialistas técnicos de domínio para realizar análises manuais fechadas.","Vital para garantir transparência nas instituições da cidade inteligente. A IHD mitiga o ""mito da clareza numérica isolada"", exigindo que as métricas reflitam as histórias humanas reais para evitar a erosão moral das organizações urbanas lideradas por algoritmos.",,"O estudo emprega uma abordagem qualitativa exploratória composta por um questionário online com 18 usuários e 10 entrevistas semiestruturadas. Além disso, cita o uso formal de eye-tracking em pesquisas correlatas de IHD para rastrear a leitura em interfaces de dados.","Recomenda módulos de treinamento integrados, padronização rigorosa de termos-chave (reduzindo a confusão), pontos de verificação (roadblocks) para validar consultas de novatos e visualização explícita do esforço e fluxo de trabalho.","Utiliza o framework de Análise Temática para identificar os eixos de Acesso, Compreensibilidade e Uso, propondo a partir deles um modelo funcional para ""gateways de dados"" institucionais no ensino superior.","Adverte explicitamente que seus resultados são restritos ao contexto de universidades nos EUA, ressaltando que instituições em diferentes regiões, países ou culturas podem apresentar práticas de trabalho e desfechos de IHD drasticamente distintos."
82,"Turkay et al., 2021","Transita de modelos computacionais opacos para uma colaboração estreita entre inteligência humana e máquinas. Na prática, utiliza a IHD para refinar algoritmos por meio da integração contínua de input manual e Autonomia do Usuário.","Teoricamente, os modelos de aprendizado de máquina são vistos como ferramentas eficazes e autônomas, mas opacas. Na prática, a IHD atua como uma ponte tradutória (análise visual interativa) para tornar esses resultados auditáveis, explicáveis e passíveis de Autonomia do Usuário pela sociedade civil e governos.",Necessidade crítica de desenvolver mecanismos que tornem os sistemas de decisão baseados em Inteligência Artificial totalmente interpretáveis e passíveis de auditoria para partes interessadas com diferentes níveis de instrução.,"A gestão de modelos de Inteligência Artificial operava sob a lógica de ""caixas-pretas"", onde a arquitetura hermética de código impedia qualquer escrutínio humano ou auditoria visual interativa por parte da sociedade.","Imprescindível para auditar as áreas urbanas de interesse estatal, provendo suporte interpretativo para que decisões governamentais em larga escala não sejam impostas à comunidade sob um verniz de falsa isenção algorítmica.",,Cita levantamentos metodológicos multidisciplinares que mapeiam objetivos de design diretamente a testes de usabilidade apropriados para equipes interdisciplinares.,Sugere a aplicação de gamificação e interações guiadas por máquinas para reduzir o custo cognitivo e a fricção do usuário durante processos complexos de rotulagem e exploração visual.,"Apresenta uma taxonomia de medidas de propriedade para unificar abordagens de aprendizado ativo e design centrado no humano, visando a interoperabilidade entre equipes interdisciplinares.","Discute a aplicação de agentes conversacionais em ambientes sociais sensíveis, como investigações criminais e o entendimento de dinâmicas urbanas específicas de cada comunidade."
83,"Alhakamy et al., 2021","Expande a IHD para além da percepção estritamente visual, integrando o corpo inteiro na interação. Na prática, investiga como a cognição corporificada altera a compreensão de causalidade e impulsiona o Letramento em Dados.","Teoricamente, a cognição corporificada (embodied cognition) defende que qualquer movimento físico facilita o Letramento em Dados. Contudo, a prática revela que movimentos mediados por controles artificiais (como um controle de videogame) reduzem a compreensão de causalidade quando comparados à interação natural de corpo inteiro.",Dificuldade estrutural em projetar instalações interativas (como em museus) que permitam aos visitantes focar rapidamente nos fluxos de dados e extrair e discutir insights profundos em intervalos de tempo muito curtos.,"As interfaces baseavam-se pesadamente no paradigma clássico WIMP (Windows, Icons, Menus, Pointer), um padrão rígido de mouse e teclado que falhava em aproveitar as capacidades da cognição corporificada humana para o raciocínio analítico.","Essencial para o Letramento em Dados informal metropolitano, democratizando o acesso à informação através da exploração corporal e espacial de bases de dados exibidas em totens públicos (museus e praças conectadas).",,"Utiliza uma rigorosa abordagem mista com ANOVA de três vias para tratamento de dados quantitativos, cruzada com análise de discurso baseada na Teoria da Metáfora Conceitual para consolidar dados qualitativos.","Utiliza a interação gestual (Full-Body) para ativar esquemas mentais de ""força"" e ""movimento"", facilitando a identificação de padrões, embora alerte para a necessidade de evitar percepções errôneas de causalidade física.",Testa o efeito de dois estilos distintos de interação (incluindo o uso de tecnologias de corpo inteiro) na construção de sentido (sensemaking) do usuário através de análise comparativa.,"Analisa a diversidade do público visitante de museus, focando em como a linguagem e o uso de metáforas espaciais (como ""acima"" e ""abaixo"") podem ser interpretadas de formas distintas conforme o repertório cultural de cada grupo."
84,"Sailaja et al., 2021","Transita de mídias de transmissão linear para conteúdos adaptativos orientados a dados. Na prática, adota arquiteturas de computação de borda (edge computing) e cofres pessoais para devolver a Autonomia do Usuário sobre perfis cruzados.","A teoria pressupõe que cofres de dados pessoais garantem automaticamente o empoderamento. Na prática, embora os usuários prefiram essa segurança arquitetônica, eles continuam exigindo clareza semântica sobre o ""vínculo de dados"" e a utilidade real da partilha para exercerem sua Autonomia do Usuário.","Carência de intervenções de IHD efetivamente contextualizadas no cenário prático, persistindo um abismo na pesquisa sobre respostas holísticas e interdisciplinares aos desafios de privacidade no ecossistema de mídias.","A gestão de dados de usuários operava em silos disciplinares estanques e focava em respostas técnicas puramente reativas e isoladas, sem oferecer uma arquitetura holística ou interdisciplinar de privacidade para as mídias.","Alerta contra a toxicidade das ""bolhas de filtro"" urbanas, prescrevendo a Autonomia do Usuário perante a gestão de algoritmos de mídia para evitar o esgarçamento do convívio sociopolítico na cidade.",,"Emprega métodos qualitativos focados no usuário, como grupos focais online via Zoom (23 participantes), walkthroughs cognitivos com especialistas da indústria e análise temática profunda de dados.","Prioriza a linguagem simples (evitando termos técnicos), o uso de iconografia clara, a entrega hierárquica de informações (progressive disclosure) e resumos pragmáticos nas páginas de consentimento.",Utiliza a agenda de IHD (proposta por Mortier et al.) para orientar o design e a crítica funcional de sistemas de recomendação de mídia personalizada.,"O estudo foi realizado no Reino Unido com uma coorte multicultural, demonstrando que a pluralidade de origens étnicas e socioeconômicas é um fator determinante na forma como os indivíduos engajam com fluxos de dados pessoais."
86,"Sailaja et al., 2021","Consolida a IHD como um campo interdisciplinar autônomo emergido da IHC. Teoricamente, estabelece a tríade de legibilidade, negociabilidade e Autonomia do Usuário como resposta central aos desafios sociotécnicos de datificação contemporâneos.","Enquanto os fundamentos conceituais da IHD avançaram substancialmente na literatura, a prática expõe uma grave carência de tecnologias reais que implementem a teoria. O estudo evidencia que a transição das diretrizes éticas para respostas práticas e operacionais permanece incompleta e urgente.","Ausência de um paradigma produtivo e consolidado para a IHD, refletindo a dificuldade crônica de traduzir os seus princípios abstratos para sistemas concretos capazes de conter algoritmos de IA complexos e opacos.","A área restringia-se ao design de interface clássico (IHC) e à Experiência do Usuário (UX) básica, abordagens que se provaram cronicamente insuficientes para gerenciar a escala informacional e a opacidade da datificação massiva contemporânea.",NÃO RESPONDE,,"Não apresenta métodos de avaliação empírica próprios (revisão/estado da arte). Menciona, como exemplos práticos, tecnologias com inclusão de princípios IHD desenvolvidas pelos autores em fases anteriores, mas sem detalhar as métricas de eficácia.",NÃO RESPONDE,"Não apresenta framework próprio testado. Propõe uma estrutura de oficina colaborativa de ""criação e desconstrução"" para que participantes apliquem os princípios de IHD a tecnologias existentes, funcionando como uma fase preliminar de validação.",NÃO RESPONDE
87,"Sailaja et al., 2021","Refina os pilares fundacionais da área, distinguindo a verdadeira legibilidade de uma mera transparência passiva. O conceito evolui para exigir a compreensão ativa do titular, aprofundando o Letramento em Dados além da simples exposição de termos jurídicos.","A teoria fornece princípios axiológicos abstratos; a prática exige decisões de design estritas. O estudo materializa os pilares da IHD através do sistema construído: usa linguagem simplificada para legibilidade e cofres de dados pessoais para viabilizar a Autonomia do Usuário, evidenciando os atritos técnicos dessa tradução.","Escassez de respostas interdisciplinares às ameaças sociotécnicas do uso de dados pessoais, destacando que abordagens estáticas (como EULAs e políticas textuais) são insuficientes para empoderar a Autonomia do Usuário de forma contínua.","A área restringia-se ao design de interface clássico (IHC) e à Experiência do Usuário (UX) básica, abordagens que se provaram cronicamente insuficientes para gerenciar a escala informacional e a opacidade da datificação massiva contemporânea.",NÃO RESPONDE,,Descreve o uso de walkthroughs (inspeção) com especialistas sob o protocolo think-aloud (pensar em voz alta) como método formativo. Anuncia estudos experimentais futuros através de um teste (trial) de 10 dias com usuários.,"Emprega estratégias de legibilidade (linguagem simplificada, fluxogramas, ícones e páginas de permissões resumidas) pensadas para tornar a governança de dados compreensível e inclusiva para o público leigo.","esta diretamente o CMP (um framework operacional de IHD). É um caso concreto de avaliação formativa de um sistema real, operacionalizando os pilares de legibilidade, negociabilidade e Autonomia do Usuário.","Identifica que a própria noção de legibilidade da IHD é restrita ao contexto legal e cultural do Reino Unido. Os autores admitem que mandatos legais e nuances linguísticas variam por país, afetando diretamente a eficácia dos princípios de IHD."
88,"Xiao, 2021",Evolui da busca restrita por usabilidade técnica para a investigação sociológica dos processos de construção de sentido (sensemaking). Reconhece que o dado exige enquadramento sociotécnico estruturado para transmitir significado real ao humano.,"Teoricamente, o reúso de dados é estimulado como um bem comum por diretrizes globais. Na prática, é um processo árduo que demanda alto Letramento em Dados, exigindo que o indivíduo reconstrua manualmente o contexto sociotécnico da coleta original para compreender sua real representatividade.","Lacuna crônica de pesquisas dedicadas a entender os comportamentos cognitivos envolvidos no sensemaking (construção de sentido) focado primariamente em fluxos de dados, em forte contraste com os vastos estudos sobre sentido extraído de textos.","As políticas de publicação focavam unicamente na resolução de problemas operacionais locais, na legibilidade pelas máquinas e na interoperabilidade técnica de sistemas, negligenciando a cognição humana e as necessidades de construção de sentido.","Enquadra o compartilhamento de conjuntos de dados entre pares como um pilar de sobrevivência face às grandes crises sociourbanas contemporâneas, enfatizando que a resiliência civil depende diretamente do Letramento em Dados da população.",,"Utiliza uma sólida combinação de entrevistas em profundidade, tarefas de pensar em voz alta (think-aloud) e análise meticulosa de gravação de tela (screen recording) para mapear interações físicas e cognitivas no momento de uso.","Recomenda o uso de ""coisas estranhas"" (erros ou outliers) como pontos de entrada positivos para a exploração, além do uso de navegação por níveis (zoom em colunas vs. conjunto completo).","Cria e testa um framework próprio baseado em três clusters operacionais: Inspecionar, Engajar com Conteúdo e Colocar em Contexto, voltado ao fluxo de construção de sentido.","Destaca que o sentido extraído de um dado é sempre influenciado por normas disciplinares e pelo contexto social de coleta, reconhecendo que o conhecimento necessário para a interpretação é frequentemente tácito e culturalmente dependente."
89,"Koesten et al., 2020",Transita do foco em usabilidade mecânica para a análise dos comportamentos holísticos de construção de sentido (sensemaking). Estrutura a IHD sob a premissa de que o dado bruto requer contextos sociais para possuir legibilidade cívica.,"Enquanto as políticas teóricas idealizam o reúso de bancos de dados em larga escala, a prática demonstra que a ausência de documentação contextual obriga o usuário a um exaustivo esforço de reconstrução semântica para dar utilidade e significado às informações originais.","Carência de esforço acadêmico para mapear os processos comportamentais exatos que envolvem o sensemaking focado em dados, sendo a área ofuscada por abordagens tradicionais de interpretação textual.","O desenvolvimento governamental e corporativo privilegiava exclusivamente a legibilidade algorítmica para servidores, ignorando solenemente os padrões cognitivos necessários para que humanos explorassem as bases de dados e desenvolvessem contexto.",Crucial para o desenvolvimento cívico: demonstra que a superação das crises de governança global é diretamente proporcional à capacidade sistêmica do cidadão de construir e validar o sentido das métricas de dados abertos divulgadas.,,"Utiliza uma combinação avaliativa empírica de entrevistas em profundidade, tarefas operacionais com protocolo think-aloud e posterior análise de gravação de tela para atestar as interações cognitivas do usuário.","Recomenda o uso de ""coisas estranhas"" (erros ou outliers) como pontos de entrada positivos para a exploração, além do uso de navegação por níveis (zoom em colunas vs. conjunto completo).","Cria e testa um framework próprio baseado em três clusters operacionais: Inspecionar, Engajar com Conteúdo e Colocar em Contexto.","Reforça que a interpretação de dados é modulada por normas disciplinares e contextos sociais de coleta, sendo o conhecimento cultural um elemento tácito determinante na compreensão."
90,"Calvetti et al., 2021",Desloca a ênfase tradicional do binômio hardware/software para o foco na supervisão ética e na compreensão dos comportamentos humanos intimamente mediados e rastreados através de fluxos de dados contínuos.,"Teoricamente, regulações como a LGPD e o GDPR pacificam as relações de uso de dados. Na prática laboral, a falta de jurisprudência consolidada sobre o monitoramento eletrônico de funcionários cria lacunas jurídicas que subvertem a privacidade e a Autonomia do Usuário no ambiente de trabalho.","Falta de diagnósticos rigorosos sobre quais dados de performance devem ser licitamente coletados, bem como a ausência de uma arquitetura transparente que exiba o fluxo de dados desde o local de trabalho até aos sistemas de gestão patronal.","A IHC clássica moldava os softwares para privilegiar a máxima eficiência operacional da máquina na linha de produção, negligenciando completamente a interação ética, a privacidade e o consentimento contínuo do trabalhador monitorado.","Impõe-se como blindagem ética nas fábricas e corporações urbanas. Garante que o operário ou o funcionário corporativo mantenha o seu direito à recusa, impedindo a sua degradação para mera ""fonte passiva de dados"".",,"Emprega métodos de pesquisa qualitativa corporativa, como entrevistas semiestruturadas em ambiente laboral para captar dados subjetivos de funcionários e painéis de grupos de foco (focus groups) para mediar discussões ativas entre stakeholders.",Propõe diagramas de caso de uso visualmente amigáveis para reduzir a complexidade técnica e guiar leitores não especializados através dos processos de gestão de dados.,"Cria frameworks baseados em BPMN (Business Process Model and Notation) para mapear todo o caminho do dado, desde a coleta inicial até a gestão da força de trabalho.","O estudo envolve especialistas de três países (Portugal, Itália e Brasil), permitindo uma visão internacional e comparativa sobre como as divergências regulatórias e culturais impactam a implementação da IHD."
91,"Chatzimichali et al., 2021","Transita da aceitação passiva da automação robótica para a exigência de governança ética auditável. Na prática, obriga as empresas a materializarem a transparência, focando na Autonomia do Usuário sobre os seus registros algorítmicos.","A teoria e as diretrizes globais (como as da OCDE) exigem transparência corporativa unificada. Na prática do mercado, empresas ocultam-se sob jargões jurídicos complexos e políticas genéricas (""blanket policies""), gerando um abismo na real eficácia e aplicação da Autonomia do Usuário.","Ausência de ferramentas técnicas e padrões estruturais para empoderar usuários leigos a exercerem ativamente os seus direitos aos dados, além da falta de estudos que escrutinem termos e condições corporativos no campo da robótica.","A regulação de ambientes sociotécnicos (robótica) resumia-se ao mero cumprimento da conformidade legal estatal e das normas de segurança física fabril, desconsiderando a necessidade de transparência de dados sobre a interação e o afeto humano-máquina.","Vital para gerenciar as ameaças da ecologia robótica nas redes residenciais, garantindo que o cidadão possa confiantemente adotar a robótica sem sacrificar a intimidade da sua vida privada dentro do lar inteligente.",,Utiliza uma metodologia qualitativa de revisão documental sistemática amparada por um esquema de pontuação ordinal (0 a 3) baseado estritamente nos princípios teóricos da OCDE.,"Defende o uso de ícones padronizados, notificações oportunas (just-in-time) e interfaces estruturadas em camadas para ocultar a complexidade técnica e reduzir a sobrecarga cognitiva.",Aplica o framework de privacidade da OCDE como lente analítica crítica para avaliar as práticas de IHD em robótica doméstica.,"Analisa as tensões entre as jurisdições da UE (GDPR) e dos EUA, destacando como as convenções culturais sobre robótica doméstica variam e exigem sensibilidade ética no design."
92,"Xie et al., 2021","Evolui da representação informacional bidimensional (2D) projetada como plano de fundo para a imersão total em realidade mista, fundindo ativamente o público e o dado em espaços tridimensionais cênicos (360°).","Teoricamente, a Realidade Virtual (VR) deveria garantir imersão imediata pela sobreposição de dados. Na prática, os usuários exigem tempo de adaptação cognitiva e dependem de ""âncoras reais"" (como estímulos sensoriais físicos e auditivos) para mitigar a desorientação e consolidar o Letramento em Dados no espaço virtual.",Desafio metodológico para a criação de espaços virtuais interativos contínuos que estabeleçam diálogos micro consistentes entre o gesto corporal humano e a visualização algorítmica processada em tempo real.,"A inserção tecnológica em espaços interativos cênicos tratava os fluxos de dados virtuais como mera ""decoração"" projetada no fundo do palco em 2D, em vez de integrá-los de forma híbrida como mediadores espaciais essenciais da interação narrativa.","Essencial para estruturar os espaços públicos interativos das Smart Cities, provendo sentido semântico para a integração das novas representações corporais (performances) que as pessoas executam perante as entidades tecnológicas expostas.",,"Baseia-se num estudo empírico e comparativo longitudinal sobre três instalações artísticas, utilizando observação direta não participante e entrevistas informais imersivas com cerca de 20 participantes por sessão (amostragem in situ).",Sugere a utilização de representações abstratas familiares (como a digitalização do próprio ambiente ou sala de ensaio) para servir de guia intuitivo em ambientes de Realidade Virtual.,Aplica o Continuum de Realidade Virtual (Milgram) para categorizar os níveis de interação humano-dado em espaços cênicos e públicos.,"Aborda apresentações em múltiplos países (Coreia do Sul, Portugal, Eslováquia), evidenciando a universalidade, mas também as variações na percepção corporal das tecnologias em espaços públicos."
93,"Lockwood, 2021","Transita do foco no computador como artefato físico estático para o reconhecimento da onipresença da datificação. Na prática, exige o design de mecanismos explícitos para tornar fluxos de informação invisíveis passíveis de Autonomia do Usuário.","Teoricamente, as pesquisas apontam que o cidadão exige privacidade total. Na prática, opera o chamado ""Paradoxo da Privacidade"": os usuários expressam profunda preocupação, mas sabotam a própria Autonomia do Usuário ao aceitarem termos abusivos em troca de gratificação imediata ou conveniência de uso.","Abismo de adoção na implementação de Identidade Autossoberana (SSI), gerado por uma altíssima carga cognitiva de interface e pela falta de uma narrativa de design coesa que vá além de promessas de privacidade abstratas.","A gestão de acessos dependia estritamente de sistemas de identidade federada centralizada (Big Techs) e ""Contratos de Adesão"" corporativos unilaterais, nos quais o usuário era subjugado a conceder rastreamento total sem qualquer poder de negociação de perfil.","Age como muralha legislativa cibernética: vital para blindar a democracia local das investidas e manipulações operadas por oligopólios de Big Data, garantindo o direito civil universal de ""estar sozinho e isolado em seus pensamentos"".",,"Utiliza a Análise de Conteúdo Temática operada sobre entrevistas semiestruturadas, aliando-a à extração de estatística descritiva padronizada por meio de um questionário público validado.","Recomenda que a proposta de valor para leigos evite termos técnicos como ""descentralização"", focando estritamente na redução da fricção transacional e no empoderamento prático das relações com fornecedores de serviços.",Aplica o framework de IHD (Mortier) e a Teoria do Ciclo de Vida da Tecnologia (Moore) para analisar a adoção e a resistência a sistemas de dados complexos.,"Reconhece que, no Ocidente, a ""confiança"" é culturalmente mediada, enquanto grupos vulneráveis (refugiados) ou culturas que valorizam a privacidade familiar (como a alemã) possuem lógicas de adoção tecnológica divergentes."
94,"Crabtree et al., 2016","Eleva conceitualmente o dado de um mero subproduto de engenharia para um ""objeto de primeira classe"". Na prática, rompe a opacidade da infraestrutura para torná-la legível e diretamente suscetível ao controle cívico.","A teoria jurídica assume a figura do usuário como um indivíduo isolado que exerce controle solitário. Na prática das casas inteligentes, os fluxos formam ""dados mistos"" familiares, tornando os modelos de consentimento individual insuficientes e exigindo dinâmicas sociológicas de negociabilidade coletiva.","Negligência quase total sobre a infraestrutura de ""negociabilidade"" contínua, combinada com a falta crônica de ferramentas visuais que permitam a usuários leigos gerenciar a sua própria segurança de rede residencial de forma simples.","O mercado de casas inteligentes impunha ""jardins murados"" (walled gardens) tecnológicos: ecossistemas comerciais fechados e enclausurados onde o consumidor era ativamente bloqueado de monitorar os rastros gerados pelos seus próprios eletrodomésticos locais.",Fundamental para resguardar a convivialidade familiar no cerne dos lares geridos por Internet das Coisas (IoT). Evita ativamente que a modernização tecnológica habitacional custe a erosão irreversível da rede de confiança interpessoal civil.,,"Propõe um ecossistema metodológico citando ferramentas como Etnografia Aplicada, Design Especulativo (através da construção tangível de mundos), DPIAs (Avaliações de Impacto de Proteção de Dados) e o próprio estudo empírico ""Cardboard Box"".","Sugere o uso de IA Explicável (XAI), modelos de ""lojas de aplicativos"" familiares e interfaces tangíveis para dar controle sobre a segurança sem exigir perícia técnica.",Utiliza o framework de IHD (Mortier/Haddadi) e o modelo Databox como referências centrais para a segurança de rede doméstica.,"Explora a dinâmica social da casa, onde a divulgação de informações em sistemas de IoT replica práticas sociais e culturais milenares de hierarquia e confiança entre os membros da família."
97,"Koesten et al., 2021",Documenta a transição ontológica que deixa de tratar bases de dados como lixo digital ou subprodutos operacionais temporários para enquadrá-las como ativos críticos socioeconômicos cujo valor escala exponencialmente com o reuso.,"Teoricamente, o estrito cumprimento de normativas de TI e marcos legais de padronização deveria universalizar os dados. Na prática, o mero enquadramento jurídico não garante usabilidade ou Letramento em Dados, persistindo graves atritos para que terceiros consigam explorar a informação.","Escassez de detalhes operacionais e de métricas padronizadas que produzam evidências mensuráveis sobre o que torna, na prática de engenharia, um dataset mais reutilizável ou interpretável do que outro.","O rigor arquitetônico web focava obsessivamente na legibilidade semântica de scripts para as máquinas, abandonando a etapa qualitativa de desenhar a experiência prática necessária para o Letramento em Dados dos cidadãos.","Enquadra as bases de dados como os alicerces críticos para desatar os complexos ""problemas perversos"" da gestão urbana, consolidando o seu reúso humano e auditável como antídoto para a dependência extrema da IA mercantil.",,"Utiliza processamento algorítmico via Redes Neurais Profundas (DNN) e análise estatística para prever níveis de reusabilidade de conjuntos de dados, validados por análise temática humana manual de arquivos estruturados (README).","Recomenda a adoção de resumos textuais informativos, arquivos README estruturados com cabeçalhos claros e a manutenção de formatos de arquivo compatíveis com bibliotecas amplamente usadas (como Pandas).","Mapeia características de datasets para oito categorias de reusabilidade (incluindo ética, qualidade, semântica e conexões), estruturando a exploração técnica.","Discute como barreiras sociais impedem o compartilhamento, enfatizando a importância crítica do contexto geográfico e espacial na documentação para permitir o reúso efetivo em diferentes âmbitos culturais."
98,"Zou et al., 2020","Transita de diagnósticos analíticos utilitários isolados para uma gestão de painéis ""360 graus, multimodal e social"". Na prática, insere ativamente o humano como o ator central dos fluxos interativos de dados corporativos.","Enquanto a teoria exalta a Internet das Coisas (IoT) como facilitadora da precisão médica preventiva, as implementações práticas de saúde assumem o formato de ""caixa-preta"", erguendo barreiras éticas severas sobre quem realmente detém a Autonomia do Usuário e a posse sobre dados biométricos.",Ausência de padrões globais de design ou princípios taxonômicos orientadores para a representação de painéis informacionais voltados especificamente para o usuário final que não detém Letramento em Dados.,"A Internet das Coisas (IoT) operava primariamente através da silenciosa comunicação máquina-a-máquina (M2M), marginalizando e excluindo completamente o fluxo de informações e os retornos interativos (feedbacks) voltados para as pessoas no ciclo final.",Instrumento decisivo para frear o deslize utilitarista nas Smart Cities. Evita que o pretexto sanitário ou a telemetria ubiquamente espalhada pelas ruas asfixie a Autonomia do Usuário e suprima a locomoção anônima.,,Utiliza Análise de Conteúdo sistemática baseada nos parâmetros rigorosos da teoria fundamentada nos dados (grounded theory) para formular e consolidar um esquema codificado de extração de dados contendo 52 itens avaliativos.,"Ressalta que usuários leigos valorizam a sensação de segurança acima de funcionalidades sofisticadas, exigindo representações de dados que sejam imediatamente interpretáveis.",Aplica o framework de IHD (Mortier) e o Modelo de Aceitação de Tecnologia (TAM) para validar a eficácia ética do Monitoramento Eletrônico de Desempenho.,"Explora as tensões entre diferentes stakeholders (como a relação médico-paciente), onde a importância de dados contextuais (clima, localização) é filtrada por valores culturais distintos sobre o que é aceitável monitorar."
99,"Victorelli & Reis, 2020",Posiciona a IHD na intersecção madura entre a IHC e a Visualização de Informação. Evolui a prática ao transpor o foco restrito em tabelas para a defesa da legibilidade e Autonomia do Usuário sobre volumes de dados não estruturados.,"A teoria formula princípios filosóficos abstratos de legibilidade e controle. Na prática, o estudo materializa esses valores em heurísticas operacionais estritas (como fornecer feedback imediato e transições visuais claras), permitindo que designers iniciantes incorporem facilmente a Autonomia do Usuário em projetos.","Falta de um compêndio ou conjunto validado, compilado e organizado de diretrizes heurísticas que guie exclusivamente o design interativo e a avaliação ergonômica de sistemas voltados para a IHD.","As interfaces informacionais reduziam-se a apresentações visuais de tela muito estáticas (gráficos focados em especialistas), desconsiderando a complexidade cognitiva e o atrito enfrentado pelos leigos na manipulação direta de massas de dados não estruturados.","Base operacional absoluta para a concepção estrutural das ""cidades cognitivas"", garantindo as camadas perceptivas necessárias para a assimilação dos volumes granulares captados pelos municípios.",,"Utilizou o método heurístico clássico: inspeção especializada de interfaces baseada nas diretrizes fundamentais da IHD, construção e teste de protótipos de alta fidelidade, avaliação pareada e aplicação de questionários de percepção de utilidade de sistema.","Oferece um guia de referência rápida, exemplos de aplicação claros e diretrizes que reduzem a carga cognitiva, como a premissa de ""minimizar a sobrecarga de informação"" em cada tela.","Integra o framework de IHD de Mortier et al. com heurísticas clássicas de Nielsen e o ""mantra"" de visualização de Shneiderman para o design de interfaces.","Conduzido no Brasil, o estudo utiliza dados de bem-estar social, reconhecendo que a interpretação desses índices é mediada pela percepção cultural brasileira sobre qualidade de vida."
103,"Locoro et al., 2020","Evolui da mera usabilidade mecânica para atuar como facilitador ético e sociotécnico, ancorado nos pilares de legibilidade, negociabilidade e Autonomia do Usuário. Na prática, empodera indivíduos contra arquiteturas corporativas de vigilância abusiva.","Enquanto a teoria acadêmica avança na defesa de ecossistemas justos e colaborativos, a prática corporativa (como o Monitoramento Eletrônico de Desempenho) persiste na adoção de ""caixas-pretas"" unilaterais focadas apenas na maximização da eficiência gerencial, esmagando a Autonomia do Usuário.",Lacunas múltiplas: compreensão limitada dos usuários sobre coletas urbanas; escassez de estudos de IHD em comunidades desfavorecidas; urgência de diretrizes éticas e auditáveis de IHD para Inteligência Artificial Generativa.,"A Interação Humano-Computador (IHC) tradicional priorizava a segurança técnica criptográfica e a estética de tela frontal, confinando o usuário ao papel passivo e alheio perante os mecanismos corporativos da extração invisível.",Provê as engrenagens mestras (legibilidade e negociabilidade) contra os mandatos de vigilância panóptica urbana. Exige categoricamente que o planejamento da cidade inteligente jamais opere à custa da alienação informacional e da Autonomia do Usuário.,,"Combina métodos vindos da IHC (Avaliação Heurística e testes de usabilidade presencial) com vertentes qualitativas (entrevistas e estudos de caso focados na Autonomia do Usuário) e métodos de Validação Especializada acadêmica (análise conceitual, raciocínio abdutivo e o Método Delphi formal).","Prioriza interfaces limpas com organização lógica, mecanismos de feedback contextual (explicando o ""porquê"" da coleta), uso de Fisicalização de Dados e inclusão do usuário no design participativo para desmistificar a extração.","Testa empiricamente o framework em contextos diversos: diagnósticos de privacidade automotiva, painéis de especialistas em cenários industriais e avaliações de impacto social da datificação, além de validar modelos para IA Generativa.","Afirma que normas culturais moldam a Autonomia do Usuário: culturas coletivistas tendem a aceitar o compartilhamento para o bem comum, enquanto culturas individualistas priorizam o controle pessoal. A complexidade dos termos de serviço afeta de modo desproporcional grupos étnicos que não dominam as convenções digitais dominantes."
104,"Lee-Smith, 2020","Transita do foco estrito em privacidade legal para explorar o Design Além do Centrado no Humano (More-Than Human Centred Design). Trata o dado como ""alimento"" caótico que nutre dispositivos, estabelecendo relações de simbiose e não apenas de subserviência técnica.","Na teoria sociotécnica clássica, a máquina extrai e o ser humano reage tentando frear a coleta. Na prática deste ensaio de Design Especulativo, a lógica inverte-se drasticamente: o usuário ganha controle ativo ao ""caçar"" os dados pelo mundo (via dispositivos híbridos) para alimentar manualmente os algoritmos de sua casa.","Foco excessivo e limitante do campo primariamente na proteção de dados legais e na privacidade corporativa, ignorando radicalmente a investigação de como os dados poderiam ser ativamente manipulados para criar novas interações imprevisíveis.",NÃO RESPONDE.,NÃO RESPONDE,,"Afirma que, em vez de recorrer a testes numéricos tradicionais, a validação recorrerá ao método da Filosofia Empírica, mobilizando táticas provocativas de design de interação, como Sondas Tecnológicas (Technology Probes) e ""Provotypes"" (protótipos intencionalmente falhos ou absurdos).",NÃO RESPONDE,"Framework (""Data Hungry Home"") criado e hardware prototipado, mas o estudo de caso prático ainda estava em fase inicial de implementação (in situ) no momento da publicação.",NÃO RESPONDE
105,"Alhakamy et al., 2021","Expande o escopo da IHD para incorporar a cognição corporificada (embodied cognition). Na prática, abandona a interação de cliques em telas para provar que o Letramento em Dados também ocorre pela exploração gestual do ambiente.","Teoricamente, assume-se que painéis de exibição pública atraem naturalmente o engajamento cívico. Na prática urbana, os cidadãos sofrem de ""cegueira de afordância"" (ignoram os recursos interativos), exigindo que a interface apele para avatares reflexivos e perguntas ostensivas visando romper a apatia e forçar o Letramento em Dados.","Necessidade imperativa de projetar instalações interativas de dados que fujam ao propósito utilitário único, devendo suportar explorações multivariadas simultâneas que fomentem o Letramento em Dados informal no espaço público.",NÃO RESPONDE.,NÃO RESPONDE,,Operou uma massiva avaliação urbana: testes in situ suportados por gravação em vídeo ininterrupta de 830 visitantes. O material bruto foi submetido a uma Análise Temática Qualitativa executada rigorosamente por 5 pesquisadores distintos.,"Utiliza representações do usuário na tela (avatares ou câmeras) para sinalizar interatividade, além de ""Perguntas de Andaime"" (questões instigantes que guiam o raciocínio sobre o dado) e rastreamento facial com ícones de controle.","Testou a implementação real do protótipo ""Human-Data Interaction system"" manipulável por sensores de movimento (Kinect) num museu público, focando no gerenciamento de conjuntos de dados globais.",NÃO RESPONDE
108,"Trajkova et al., 2021","Transita da interação informacional confinada a desktops para a adoção da cognição corporificada. Na prática, investiga o uso do corpo inteiro para promover o Letramento em Dados espaciais e a exploração de mapas globais em instalações urbanas públicas.","A teoria projeta espaços urbanos inteligentes repletos de telas ativas; a prática revela uma tripla barreira cognitiva: ""Cegueira de Tela"", ""Cegueira de Interação"" e ""Cegueira de Afordância"". Se o painel não for hiper-responsivo nos primeiros 15 segundos, o cidadão abandona a tentativa.","Desafio na prototipação de instalações espaciais de IHD voltadas para o público geral, carecendo de designs que suportem múltiplas intencionalidades de busca e de exploração de forma puramente intuitiva.",NÃO RESPONDE.,NÃO RESPONDE,,"O estudo cruzou frentes quali e quantitativas: Estudo Quase-Experimental in situ monitorado por gravação de 731 participantes civis. A análise métrica utilizou o software Anvil, calculando a validade dos dados (coeficiente Kappa de Cohen) submetidos ao rigoroso teste de variância ANOVA de duas vias.","Implementa ""Perguntas de Andaime"" (scaffolding) no topo das visualizações para direcionar o raciocínio, uso de sobreposição de câmera (Camera Overlay) e avatares para indicar qual usuário detém a Autonomia do Usuário naquele instante.","Desenvolveu e testou uma instalação de IHD estruturada em três componentes simultâneos: Controlador de Sensor, Gerenciador de Gestos e Design de Bases de Dados Globais.",NÃO RESPONDE
109,"Lindley et al., 2020","Evolui dos densos debates teóricos sobre ética algorítmica para a materialização pragmática no Design de Interação, desenvolvendo iconografias visuais que comuniquem ativamente os processos de extração invisível para o usuário final.","Enquanto a teoria delibera sobre a ética da ""Inteligência Inteligível"", a prática comprova que textos longos são inúteis. A legibilidade real exige traduzir densos Termos de Uso para uma gramática de ícones modulares e selos de certificação que facilitem a tomada de decisão leiga.","Ausência de um ""vocabulário explicativo"" cívico padronizado para IA que seja legível pelo público em geral, contrastando fortemente com as atuais abordagens de transparência algorítmica voltadas exclusivamente para programadores.","O design de interface clássico limitava-se a criar metáforas visuais utilitárias de ferramentas fixas (ex: o desenho do disquete para ""salvar""), provando-se mudo e incapaz de dar forma ou de alertar sobre processos invisíveis de perfilamento em nuvem.","Propõe intervenções semióticas contínuas para o ambiente urbano (""rótulos de dados"" de vigilância espalhados na arquitetura urbana como placas de trânsito) para treinar o olhar do cidadão perante o assédio algorítmico da ubiquidade conectada.",,"O estudo estruturou-se na metodologia epistemológica e iterativa Research through Design (RtD), consolidando e testando as iterações de protótipos de interfaces através de balizamentos teóricos e analíticos calcados na Tríade de Peirce (Semiótica).","Propõe uma linguagem visual modular e abstrata, inspirada em sinais de trânsito, para comunicar seis conceitos críticos (ex: presença de IA, proveniência dos dados) sem exigir jargão técnico.",Cria e testa um vocabulário visual (framework iconográfico) construído ativamente sobre os pilares da IHD para a comunicação de processos complexos de IA.,"Discute a ""mercadorização"" do usuário na economia de intenção, ressaltando que o design deve tornar transparente o quanto de trabalho cultural não remunerado o cidadão dedica ao alimentar algoritmos."
110,"Haghighati & Sedig, 2020","Transita da simples adesão técnica a metadados padronizados para a exigência inegociável de contexto semântico. Na prática, foca na construção de sentido, utilizando resumos textuais narrativos para traduzir estruturas complexas e alavancar o Letramento em Dados.","Teoricamente, o mero preenchimento de padrões técnicos e semânticos governamentais seria suficiente para estruturar os dados. Contudo, a prática revela que metadados técnicos são áridos. Para o Letramento em Dados, o usuário comum necessita de sumários estatísticos, alertas de valores ausentes e tendências descritivas.","Falta de diretrizes claras para o resumo qualitativo de grandes conjuntos de dados voltados à reutilização. Abordagens atuais geram resumos puramente extrativos que falham em capturar julgamento, incertezas e o agrupamento semântico humano.","A catalogação oficial focava primariamente em estruturas RDF (como o vocabulário DCAT) voltadas exclusivamente para a raspagem por motores de busca (crawlers), ignorando que sumários de texto descritivos são pré-requisitos fundamentais para a cognição.",NÃO RESPONDE,,O estudo extraiu resultados através da Análise Temática de Diários de Busca (onde 69 estudantes reportaram empiricamente suas rotinas interativas em duas semanas) aliada a testes em larga escala escalados via plataformas online de Crowdsourcing (CrowdFlower).,"Lista elementos essenciais: subtítulos de alto nível, agrupamento semântico de colunas (sem jargões), estatísticas básicas de qualidade, escopo geográfico/temporal explícito e alertas claros sobre lacunas nos dados.","Valida um framework próprio: um ""Template de Resumo de Dados"" de 9 etapas aplicado sobre conjuntos de dados reais de fontes públicas (FiveThirtyEight, The Guardian).","Alerta que resumir dados é uma atividade construída culturalmente, onde variações de contexto levam à má interpretação ou à dificuldade de criar um entendimento comum sobre o significado de um dataset."
111,"Koesten et al., 2020",Desloca-se da publicação fria de metadados para a necessidade imperativa de contexto legível por humanos. Foca na construção de sentido (sensemaking) ao propor que a compreensão leiga exige traduções textuais diretas de entidades complexas.,"Teoricamente, o mero preenchimento de padrões de interoperabilidade da web seria suficiente para a publicação de arquivos. Na prática, usuários não conseguem avaliar a utilidade do dado e necessitam de informações complementares descritivas de qualidade e padrões informacionais.","Carência de padrões visuais e textuais orgânicos para o resumo de bases de dados. As soluções vigentes, por serem geradas unicamente de máquina para máquina, excluem o contexto essencial que garante a reaplicação segura do dado.","A publicação de informações apoiava-se inteiramente em metadados técnicos de rastreamento de software, sob o falso pretexto de que o leigo poderia inferir qualidade e aplicação apenas pelas tags e não necessitava de narrativas textuais auxiliares.",NÃO RESPONDE,,O estudo utilizou Diários de Busca de Dados guiados por 69 universitários e validou as hipóteses cognitivas combinando experimentos controlados rigorosos em laboratório com amplos testes em massa delegados por Crowdsourcing.,"Reforça elementos como: subtítulos em uma frase, categorização semântica compreensível, estatísticas básicas (número de linhas) e declarações expressas sobre a qualidade e incerteza dos registros.","Valida um framework próprio: um ""Template de Resumo de Dados"" de 9 etapas aplicado sobre conjuntos de dados reais de fontes públicas.","Reitera que a construção de sentido a partir de dados é um processo influenciado por fatores culturais e subjetivos, onde o leitor sempre traz uma bagagem interpretativa que condiciona a leitura do resumo técnico."
112,"Victorelli et al., 2020","Evolui da mineração visual isolada (2006) para intervir de ponta a ponta em todo o ciclo de vida do dado. Consolida que a legibilidade e a Autonomia do Usuário não devem figurar apenas na tela final, mas sim na base de coleta e edição.","A teoria da IHD exige interação intuitiva com acervos públicos. Na prática, auditorias em portais de Dados Abertos Governamentais (ODG) apontam que, embora o conteúdo do dado exista, a embalagem técnica e visual falha gravemente, carecendo de mecanismos de busca enriquecidos e retornos interativos usáveis.",Desafios abertos persistentes: dificuldade em engajar usuários inexperientes via design participativo; vácuo jurídico e prático sobre modelos claros de propriedade do dado; e desafio severo no letramento e entendimento semântico por leigos.,"A área era operada por vertentes isoladas: a IHC desenhava as telas, as leis de Privacy by Design aplicavam as regras obscuras e a disciplina de Visualização focava em estatísticos, mantendo o cidadão leigo completamente alienado e fragmentado do sistema integral.",Sustentáculo filosófico e ergonômico das Smart Cities: defende que a instalação difusa de sensores e IoT perca o viés punitivo-tecnocrático e adote interfaces que permitam que a inteligência civil participe efetivamente na formulação de políticas.,,"O estudo mobilizou a Revisão Sistemática da Literatura (RSL) modelada na teoria sociológica Ator-Rede (ANT). Na segunda fase (etapa prática), aplicou o método formal de Avaliação Heurística/Inspeção cruzada com três especialistas utilizando escalas pré-calibradas.","Sugere elementos como: intuitividade visual (transmissão de propriedades ""em um piscar de olhos""), feedback coloquial (usando humor ou metáforas) e mecanismos de busca que processem a linguagem humana, não apenas comandos técnicos.","Extrai da literatura e consolida um framework próprio de ""Recomendações de IHD para Sistemas de Informação"", testando-o através da inspeção de três portais governamentais reais de São Paulo.",Afirma que julgar ambiguidades e referências cruzadas entre fronteiras sociais e culturais é um desafio central da IHD. As analogias usadas no raciocínio sobre dados são sempre informadas por similaridades e diferenças culturais locais.
113,"Cabitza et al., 2020","Expande o escopo para a apropriação social da informação. Na prática, exige a transformação de dados secundários institucionais em ""dados terciários"", reduzindo propositalmente a complexidade para adequá-los ao Letramento em Dados em cenários cotidianos de leigos.","Teoricamente, o ecossistema de Dados Abertos Governamentais (ODG) foi arquitetado para prover total transparência pública. Na prática, o Estado limita-se a ""despejar"" tabelas massivas sob uma lógica puramente contábil e administrativa, ignorando por completo as barreiras do Letramento em Dados do cidadão médio.","Número criticamente reduzido de investigações empíricas focadas em testar interfaces que elevem a legibilidade dos Dados Abertos Governamentais (ODG) e, sobretudo, que consigam medir o valor social real destas iniciativas abertas.","A abertura de dados públicos era tratada estritamente como uma obrigação maçante de TI: o Estado limitava-se a realizar o ""despejo"" de grandes tabelas (arquivos CSV brutos) na web para cumprir a lei contábil, sem projetar uma interface cívica amigável.",Defende que as métricas extraídas de vias e quarteirões urbanos (como taxas de violência ou colisões veiculares abertas) se tornam fúteis a não ser que os residentes consigam extrair interpretações que aprimorem organicamente os seus ritos e comportamentos viários locais.,,Utiliza validação puramente Empírica e Quantitativa estruturada sob formulários (Survey) de percepção interativa. O diagnóstico foi fechado utilizando o rigoroso Teste Binomial e os Testes Não Paramétricos de Mann-Whitney para assegurar relevância estatística.,Defende a personalização de nível básico: o sistema deve adaptar a exibição (tabelas resumidas vs. infográficos) dependendo do perfil do usuário para prevenir a sobrecarga de informação (information overload).,Propõe e testa metodologicamente um framework de 5 etapas (desde a seleção do conjunto de dados até a provisão de painel adaptativo) para a gestão de dados abertos.,Resultados provaram que grupos demográficos exigem aplicações distintas: mulheres valorizam mais a clareza e intuitividade gráfica; jovens preferem tabelas estruturadas; e usuários leigos valorizam ranqueamentos sociais de satisfação acima de métricas puramente técnicas.
117,"Viterbo et al., 2020","Transita do estudo exclusivo das telas de exibição para a auditoria contínua de todo o fluxo invisível de manipulação (limpeza, fusão, disseminação). Na prática, foca em mitigar as quebras sistêmicas precoces que castram a Autonomia do Usuário.","Enquanto o discurso teórico enaltece os Dados Abertos Governamentais (ODG) como motores de inteligência cívica, a prática em portais estatais expõe interfaces desorganizadas, links quebrados e arquiteturas de informação obscuras, sufocando a participação popular pela fadiga técnica.","Sobrecarga cognitiva exaustiva na etapa pré-visualização. A principal lacuna processual ocorre na fase obscura de limpeza e junção dos dados, etapa que atua como barreira técnica impedindo que não especialistas encontrem informações úteis.",A estratégia teórica de Dados Abertos Governamentais (ODG) resumia-se à postagem passiva: o governo hospedava arquivos brutos em diretórios partindo da premissa ingênua de que a mera disponibilidade técnica de downloads culminaria automaticamente na compreensão e cidadania.,"ital para mitigar o atrito civil perante portais municipais e infraestruturas regionais de fomento tecnológico, transformando a montanha impenetrável de metadados gerenciais da prefeitura em aplicações cívicas úteis à tomada de decisões diárias.",,"O estudo avaliativo apoia-se firmemente no clássico Método de Inspeção Semiótica (SIM). Posteriormente, testou a veracidade dos achados teóricos através de uma Triangulação Exógena baseada em testes empíricos de tarefas aplicados em 10 usuários ativos.","Recomenda sinais metalinguísticos (tutoriais eficientes), organização lógica em signos estáticos (ordem alfabética/categorias intuitivas) e ferramentas de visualização integradas diretamente no portal.","Testou a aplicação da teoria da Engenharia Semiótica (método SIM) voltada especificamente para o contexto da IHD, avaliando portais de dados abertos reais.","Foca no Brasil (Lei de Acesso à Informação) e na peculiaridade do ranking nacional de dados abertos, embora não isole variáveis étnicas ou de classe durante os testes práticos com universitários."
121,"Coleti et al., 2019","Evolui dos densos jargões jurídicos de políticas de privacidade para Ferramentas de Ampliação de Transparência (TETs) pragmáticas. Anula o modelo submisso ""tudo ou nada"", instituindo painéis de Visualização Pessoal que viabilizam a Autonomia do Usuário.","A doutrina jurídica define perfeitamente o que a empresa deve mostrar ao usuário. Na prática da engenharia de software, a omissão regulatória sobre como exibir essa informação resulta em transparência técnica maliciosa e jargões indecifráveis, inviabilizando totalmente a verdadeira Autonomia do Usuário.",Inexistência sistêmica de uma padronização de design patterns e carência de um conjunto mínimo de metadados focados puramente na compreensão do indivíduo comum para viabilizar o Letramento em Dados.,"O controle informacional residia nas tradicionais ""Políticas de Privacidade"": longas muralhas de textos puramente jurídicos, redigidas para criar exaustão cognitiva, cujo único propósito era blindar a corporação de litígios e não instruir a Autonomia do Usuário.",NÃO RESPONDE,,"Indica que a auditoria em sistemas transparentes necessita avaliar explicitamente as ""Dimensões da Qualidade da Informação"" mediante o uso de questionários operacionais e ensaios monitorados em cenários de ambiente controlado submetidos a usuários finais da população-alvo.","Propõe a substituição de documentos jurídicos por design modular: fichas cadastrais de atores, fluxos visuais do destino do dado e painéis categorizados por ""Propósito de Uso"" e ""Transferência"".","Testou o TR-Model, um framework de Perfil de Aplicação de Metadados (MAP) com cinco entidades (Atores, Propósito, Dado Pessoal, Transferência e Autonomia do Usuário).","Adverte que ícones e símbolos de transparência devem ser aplicados com cautela, pois a eficácia semântica de imagens, cores e formatos é profundamente afetada por perspectivas culturais distintas."
122,"Lockwood, 2020",Transita da submissão passiva aos monopólios centralizados (Big Techs) para a defesa ativa da Identidade Autossoberana (SSI). Adota arquiteturas de carteiras digitais (wallets) para devolver a posse e a Autonomia do Usuário sobre rastros digitais.,"A teoria sustenta que devolver ao titular as chaves de acesso irrestrito emancipa a sociedade. A prática expõe o ""Paradoxo do Mecanismo de Limite"", revelando que o peso cognitivo e o atrito interativo gerados por gerenciar individualmente contratos de criptografia afugentam a esmagadora maioria do público.","Ausência de modelos mentais e metáforas operacionais para o público leigo compreender a criptografia. A lacuna é a incapacidade de traduzir conceitos complexos como ""identificadores imutáveis"" numa arquitetura que garanta a Autonomia do Usuário.","A arquitetura digital imperante apoiava-se no monopólio relacional assimétrico centralizado: servidores corporativos detinham o controle opaco das identidades, enquanto a usabilidade oferecia apenas botões simpáticos que camuflavam o abismo do fluxo de extração.",NÃO RESPONDE,,"O estudo escora-se na metodologia iterativa Practice-led Research (Pesquisa Guiada pela Prática de Estúdio), abarcando a fase de Modelagem Conceitual, construção esquemática de UI (Wireframes) e validação através de grupos focais interativos organizados unicamente com especialistas seniores de UX/UI.","Sugere reduzir a carga cognitiva através de ""Políticas de Usuário"" (Overarching User Policies) ou ""Redes de Confiança"" (Trust Networks), onde o cidadão aprova apenas decisões críticas e delega rotinas para agentes inteligentes.","Desenvolve e propõe a estrutura do Ecossistema de Dados Centrado no Humano e o Mecanismo de Limite Soberano, testando-os através de wireframes conceituais.","Discute como a complexidade de gerir a própria privacidade através de sistemas descentralizados exclui parcelas da sociedade que não possuem o mesmo nível de letramento digital, criando barreiras de classe e educacionais."
127,"De Almeida & Salgado, 2020","Evolui da mera apresentação estética de informações para a materialização do Direito à Explicação (XAI). Na prática, deixa de apenas desenhar gráficos para exigir a explicação exata da lógica algorítmica e das consequências previstas pelas leis (LGPD/GDPR).","Teoricamente, o discurso mercadológico corporativo simula a entrega irrestrita do painel de controle. Na prática, as interfaces são arquitetadas sobre ""padrões sombrios"" (dark patterns); opções como ""pausar rastreamento"" funcionam como ilusões de ótica, sabotando ativamente a legalidade e a Autonomia do Usuário.","Dificuldade crônica em materializar a transparência obrigatória na era do Big Data, visto que as decisões algorítmicas baseiam-se em correlações estatísticas opacas (""caixas pretas""), impossibilitando frequentemente a geração de explicações causais.","O paradigma legal de ""notificação completa"" assumia erroneamente que soterrar o internauta com um volume exaustivo de texto de contrato gerava transparência. A IHD provou que tal avalanche literária apenas fomenta a aceitação inerte por esgotamento.","Escudo ético para o cidadão no epicentro do ""urbanismo de plataformas"" (Big Techs de mapeamento). Age alertando os residentes de que os percursos executados livremente a pé pelas calçadas são devorados, parametrizados e leiloados para servir como propaganda comercial geolocalizada.",,"O estudo combinou a Inspeção Semiótica (MIS) atuando longitudinalmente por 5 dias contra o sistema. Seguidamente, operou um Estudo Empírico Intra e Inter-sujeitos onde 4 indivíduos relataram os atritos sistêmicos por meio de ""diários de uso"" controlados metodologicamente.","Foca na explicação contrafactual e transfactual: o sistema IHD deve explicar dinamicamente as consequências futuras da negativa do consentimento (ex: ""se pausar aqui, perderá dicas de trânsito em tempo real"").","Testa a eficácia do Google Dashboard sob a ótica dos frameworks de IHD, avaliando a capacidade de explicar a lógica e as consequências das decisões automatizadas.","Aborda a ""Dependência de Contexto"": as regras de privacidade variam conforme a situação social e são aprendidas com o tempo, baseadas em critérios culturais, motivacionais e situacionais únicos de cada indivíduo."
143,"Coleti et al., 2019","Transita da teoria jurídica imaterial para a formulação de padrões de design móvel práticos. Supera o abismo deixado pela LGPD/GDPR, desenvolvendo arquiteturas visuais compactas para que o titular exerça Letramento em Dados em telas de dimensões reduzidas.","Enquanto a teoria da conformidade apoia-se em contratos de adesão textuais burocráticos, a implementação prática das heurísticas da IHD converte esses documentos estáticos em ""linhas do tempo interativas"", desenhadas como mapas de metrô, visualizando passo a passo a trajetória das informações do titular.","Tensão insolúvel entre conformidade e ergonomia móvel: o desafio contínuo de transpor as vastas quantidades de texto burocrático exigido pelas leis de proteção de dados para a área limitada de uma ""tela pequena de celular"" mantendo alta UX.",A submissão à coleta de dados ocorria pela ausência de resumos gráficos. O titular assumia invariavelmente uma postura submissa e inerte ao ter que enfrentar muralhas legais ocultadas estrategicamente em telas de clique rápido nas lojas de aplicativos.,"Essencial num ambiente urbano inundado de dispositivos espiões: fornece a topologia (via mapas interativos) de onde cada sensor (da catraca do metrô às câmeras dos postes) encontra-se alojado, explicitando abertamente o endereço jurídico dos Controladores responsáveis perante a população.",,"O estudo pautou a eficácia do seu modelo através da Avaliação Heurística Mobile restrita (executada por 7 especialistas de avaliação), onde cada avaliador classificou severidades relativas a seis heurísticas ergonômicas para diagnosticar a usabilidade e fluidez das telas desenhadas.","Propõe o uso de padrões de design como ""Linhas do Tempo"" interativas para visualizar a jornada do dado e a barra de ""Período de Uso"" (Thresholds) para que o usuário veja visualmente quanto tempo falta para o dado expirar.","Propõe o desenvolvimento de interfaces Android baseadas em ferramentas de transparência (TETs), testando princípios de UX e design focado em telas móveis.",NÃO RESPONDE
146,"Barreto et al., 2018","Transita de debates teóricos sobre vigilância para a engenharia pragmática de Ferramentas de Ampliação de Transparência (TETs). Incorpora botões deslizantes, cartões e filtros para viabilizar a interrupção visual instantânea de coletas abusivas e salvaguardar a Autonomia do Usuário.","A teoria da IHD demanda Legibilidade, Ação e Negociabilidade sistêmicas. Auditorias práticas revelam o desmembramento industrial proposital desses pilares: as empresas permitem a exclusão do dado (ação superficial), mas mascaram a fórmula algorítmica e suprimem as interfaces de negociação em tempo real.","Choque de interesses inegociável entre a ética de Legibilidade da IHD e o imperativo de segredo industrial das empresas de tecnologia (propriedade intelectual dos algoritmos), paralisando a total transparência processual no mercado.","As auditorias das aplicações limitavam-se a perseguir a ""Usabilidade Clássica"" (satisfação, tempo de clique no botão), ignorando as métricas de Comunicabilidade Ética (se o sujeito efetivamente assimilou quem iria explorar seu rastro vital após o clique).",NÃO RESPONDE,,"O estudo valida o seu sucesso combinando a triagem de software operada pelo Método de Inspeção Semiótica (SIM) com potentes Entrevistas Qualitativas (em formato pós-teste prático), consolidando a exatidão via modelo matemático de Triangulação de Dados.","Propõe o uso de ""Cards"" organizacionais com logotipos familiares, ""Modais"" de aviso sobre consequências imediatas e botões deslizantes de semáforo (Verde/Amarelo/Vermelho) para bloqueio intuitivo de rastreamento.","Testou a teoria da IHD nas ferramentas ativas Google MyActivity e Privacy Badger, cruzando os resultados com o Método de Inspeção Semiótica.","Demonstra que a barreira idiomática anula a IHD imediatamente, como visto em usuários que não puderam utilizar ferramentas de privacidade por não dominarem o idioma em que a interface foi construída."
160,"Seidelin et al., 2018","Evolui da perspectiva puramente individualista do titular isolado para a gestão em rede de ecossistemas corporativos complexos. Na prática, insere o nível organizacional no debate, tratando os ""corretores de conhecimento"" como peças centrais do Letramento em Dados institucional.","A teoria inicial focava no controle solitário e vertical do indivíduo sobre seu repositório de informações. Contudo, a prática operacional expõe que arquivos sofrem mutações constantes em planilhas comunitárias, provando que a Autonomia do Usuário depende inegociavelmente da governança organizacional colaborativa.","Cegueira disciplinar no campo ao ignorar a dimensão interinstitucional (""cross-organizational""). Focar isoladamente na interação unilateral mascara a complexidade mutável de como os dados são cruzados nos bastidores por múltiplos atores corporativos.","As disciplinas clássicas de Ciência da Informação estudavam organicamente as rotinas documentais interorganizacionais, porém careciam de uma auditoria técnica baseada em interfaces sistêmicas que informasse de maneira direta o cidadão afetado por essas burocracias.","Exige uma malha organizacional clara (intermediada pelo modelo ""Knowledge-Broker"") perante os gigantescos cruzamentos metropolitanos, evitando a asfixia administrativa sobre um cidadão cujos rastros estão espalhados pelas áreas de saúde, trânsito e bilhetagem unificada de sua metrópole.",,"A investigação seguiu o escopo metodológico rigoroso da Pesquisa-Ação (Action Research), fundindo e estruturando os achados resultantes de 20 horas metódicas de observação silenciosa in loco, 15 entrevistas semiestruturadas com analistas e workshops tangíveis de cocriação cívica.","Utiliza ícones físicos (objetos de fronteira) e cartões de papel para que trabalhadores organizem e desenhem conexões, aumentando o Letramento em Dados através da manipulação tátil da estrutura do banco de dados.","Aplica o modelo clássico de IHD de Mortier como base, mas testa a integração da IHD com o framework de ""Objetos de Fronteira"" (Boundary Objects) para explicar como dados são usados em contextos organizacionais.","Demonstra como a cultura organizacional define o que é um ""dado legível"". Em um conflito real, empregadores exigiam categorização por empresa, enquanto trabalhadores insistiam em organizar dados por CPF, provando que a legibilidade é uma construção social e política."
162,"Roberts & Lyons, 2017","Transita metodologicamente de avaliações de usabilidade clínica fechadas (testes individuais pré/pós) para investigações de forte cunho sociocultural. Demonstra que a compreensão emerge do diálogo entre usuários, enquadrando o Letramento em Dados como fenômeno cinestésico e coletivo.",O ideário teórico da interação física previa que telas de corpo inteiro catalisariam radicalmente a aprendizagem de dados. A prática em ambientes informais (museus) provou o oposto: usuários operando tablets com controles padronizados (pinçar/deslizar) despenderam menos energia decifrando a máquina e pontuaram mais no engajamento conversacional.,"Dificuldade crônica e ausência de ferramentas estatísticas fidedignas capazes de avaliar se, em ambientes não dirigidos, um leigo realmente aprendeu ou adquiriu Letramento em Dados através do diálogo com interfaces informacionais não lineares.","A museologia e os ambientes educacionais pautavam-se no clássico ""modelo de transmissão em massa"": painéis gráficos fixos nas paredes impunham fatos consolidados de forma autoritária à visitação passiva, bloqueando qualquer interatividade crítica na exploração.",NÃO RESPONDE,,"Utiliza metodologia empírica severa de Teste A/B (in situ operado em painéis públicos) e formula do zero o método analítico SQuILD. Este método decodifica ativamente o diálogo desordenado dos usuários, classificando turnos de fala caóticos em vetores interativos sob cinco ordens estritas de relevância cognitiva.","Utiliza controles familiares (baseados em Legacy Biases) e a personalização extrema, permitindo que o usuário projete o seu próprio bairro ou demografia na interface para criar identificação imediata.","Testa o framework metodológico SQuILD sobre exibições interativas, utilizando testes in-situ para segmentar conversas em ""Unidades de Ideia"" e validar a eficácia da interação.","Aponta que a forma como dados demográficos (raça, ancestralidade, status social) são rotulados em censos cria desafios de design, pois categorias rígidas frequentemente falham em refletir as nuances de como as pessoas vivenciam sua própria etnia."
171,"Hutton & Henderson, 2017","Evolui de um manifesto teórico acadêmico para consolidar-se como ferramenta robusta de auditoria ética. Na prática, aplica os pilares de IHD para criminalizar formatos de consentimento abusivos como o EULA (""Eu concordo""), defendendo a Autonomia do Usuário frente ao Big Data.","Na teoria do Direito Civil contratual, os Acordos de Licença (EULA) blindam juridicamente o consentimento. A aplicação da IHD expõe na prática a fraude dessa premissa: sem legibilidade visual ou chance real de edição de permissões, a concordância é apenas uma imposição de monopólio que tritura a Autonomia do Usuário.","Paradoxos do consentimento: a lacuna legal em validar autorizações prévias para a Mineração de Dados, visto que é impossível prever inferências futuras. Outra falha é a tensão entre ""precisão contínua do consentimento"" e ""fadiga cognitiva"".","As primeiras legislações estatais (ex: UK, 1984) usavam as rudimentares ""caixas de seleção"" criadas para combater operadores de telemarketing; este modelo obsoleto de Consentimento Único Assegurado foi infelizmente transplantado e enrijecido dentro da era predatória do Big Data.","Antídoto jurídico e arquitetônico indispensável para mitigar a catástrofe de ""vigilância em massa"" promovida passivamente pelo mapeamento histórico comportamental (clusters) dos indivíduos que habitam ou transitam perante painéis sensores de ruas monitorizadas.",,"Executa o rigoroso Estudo de Usuário quantitativo. Para aferir a solidez protetiva e validade estatística do sistema proposto, rastrearam o tempo consumido contra a eficácia do processo, formulando os gráficos de dispersão algorítmicos (scatterplots) que provaram a redução tangível da estafa civil em 41%.","Implementa o ""Consentimento Dinâmico"" baseado na norma social: o sistema mapeia o comportamento do grupo e para de incomodar o usuário caso ele aja conforme a norma, solicitando permissão apenas em pontos de exceção (granularidade).","Testa um framework de consentimento baseado em Integridade Contextual, provando que mapear normas sociais reduz drasticamente a carga cognitiva (burden) e mantém a precisão do consentimento.","Utiliza a teoria da Integridade Contextual: as trocas de informação são guiadas por normas sociais locais. Uma ""violação de integridade"" ocorre quando um sistema ignora a cultura de confiança (ex: norma médico-paciente) ao inserir terceiros como intermediários de diagnóstico."
173,"Jones et al., 2017","Transita da mera redação simplificada de contratos textuais para a geração de ""Feedbacks Viscerais"" no Privacy by Design. Na prática, exibe visualmente ao sujeito a exata predição comportamental que a empresa formatou e armazenou, de modo preventivo à aceitação do termo.","O modelo teórico clássico apoia-se no tripé ""Aviso e Escolha"", alicerçando a farsa do consentimento pleno. Na prática comercial, um contrato de software cotidiano possui densidade redatorial superior a peças teatrais inteiras, provando que o consentimento informado opera apenas como alavanca de exaustão legal contra o consumidor.","Abismo processual e total desconexão departamental entre a área jurídica que redige os termos normativos e as equipes de Design (UX/UI) responsáveis por desenhar a interface com o sujeito, resultando em transparência artificial punitiva.","O mercado apoiava-se no estratagema cínico do ""Aviso e Escolha"" (Notice and Choice). Ao impor páginas de jurisdição prolixa acopladas a botões forçados de aceite digital, a indústria blindava juridicamente a extração sistemática à revelia do Letramento em Dados do internauta.",NÃO RESPONDE,,"O estudo uniu metodologicamente Prototipação a uma pesquisa empírica qualitativa de cunho provocativo, criando uma ""situação chamariz"" ilusória (para evitar viés comportamental de Hawthorne). Avaliadores acompanharam métricas de clique imperceptíveis antes de revelarem a real finalidade em entrevistas guiadas.","Recomenda Informação em Camadas (esconder detalhes em menus circulares), Pré-visualização Gráfica (simular o que será coletado em gráficos de pizza) e linguagem 100% conversacional.","Testa um framework de ""Negociabilidade"" (Pacotes de Dados). Ao invés do binário Aceito/Não Aceito, o usuário escolhe pacotes granulares, provando a preferência dos usuários pela autonomia na escolha do nível de compartilhamento.","Aborda fatores de neurodivergência e socioeconômicos: participantes com dislexia, por exemplo, superaram barreiras de leitura apenas quando a IHD utilizou design visual e em tópicos (bullet points), provando a necessidade de design inclusivo."
174,"Meireles & Hornung, 2016","Documenta a evolução semântica do campo: da ""manipulação visual de bases de dados"" (2011) para o mapeamento dos rastros sistêmicos. A prática evolui da engenharia técnica em direção a uma abordagem axiológica inegociável, pautada nos Valores Humanos feridos pela extração invisível.","Na promessa teórica, o Big Data pavimentaria uma utopia de transparência e democratização algorítmica civil. A prática consolida o cenário oposto (os Três Paradoxos): extrações corporativas clandestinas, achatamento da identidade humana aos moldes mercantis e o aparelhamento estatal sobre a sociedade vulnerável.",Dificuldade sistêmica em tratar os Valores Humanos como algo auditável em algoritmos (Wicked Problem). A lacuna persiste em como aplicar métodos éticos sensíveis a valores em arquiteturas onde a interface com o cidadão é invisível ou distribuída em sensores urbanos.,NÃO RESPONDE.,Fiel garantidor do livre trânsito cívico: demonstra o grau letal com que os monitores operacionais da cidade (semáforos conectados e máquinas de venda automáticas interligadas a GPS) corroem ativamente e sorrateiramente o anonimato na praça pública sob os falsos argumentos de conveniência.,,"Por ser primariamente teórico, este estudo prescreve orientações empíricas em vez de conduzir sessões clínicas. A metodologia recomendada clama pelo desenvolvimento de 'coleções de cenários de invasão hipotéticos', cujo objetivo seria balizar testes interativos com leigos em frentes críticas de pesquisa de Autonomia do Usuário.",NÃO RESPONDE,NÃO RESPONDE,NÃO RESPONDE
175,"Chowdhury et al., 2016",Expande o raio de ação informacional das telas estáticas de celulares para o tecido e a materialidade da Internet das Coisas (IoT) urbana. Consolida-se como a lente ética necessária para reposicionar o sujeito como centro inabalável das decisões automatizadas em Cidades Inteligentes.,"A retórica de governança teórica proclama a necessidade de conceder controles abstratos de privacidade ao cidadão. A prática contesta a inércia desenhando arquiteturas tangíveis operacionais, indo de redutos restritos de segurança à monetização via Pay per Usage, devolvendo valor governamental direto à Autonomia do Usuário.",Enigma operacional crítico no coração das Smart Cities: o impasse técnico em balancear a eficiência agressiva do macroprocessamento dos serviços urbanos com a garantia inviolável da anonimização de informações comportamentais vulneráveis do cidadão.,NÃO RESPONDE.,"Imprescindível regulação basilar do espaço urbano moderno. Demonstra inequivocamente que, se as Smart Cities não parametrizarem um plano diretor amparado pelos fundamentos de licença da IHD, a intimidade da rotina dos cidadãos cederá espaço irreparável perante a automação e rastreabilidade urbana massivas.",,"Usou método avaliativo populacional denso em formato sociológico (Survey) de larga escala, distribuído a mais de 3.000 perfis civis. Posteriormente, chancelou e afunilou qualitativamente o mar de dados cívicos recolhidos operando a metodológica Análise Delphi, submetendo os dados em comitê paritário (composto por acadêmicos e líderes de base).","Propõe a tradução da governança abstrata em uma relação comercial de consumo clara, utilizando modelos de ""Pagamento por Uso"" para que o cidadão entenda que está negociando um dado pontual.","Testa o ""Framework de Propriedade de Dados Baseado em IHD"" cruzando modelos de propriedade (do restrito ao irrestrito) com as necessidades dos 12 setores vitais de uma cidade inteligente.","Baseia-se em necessidades da Índia, coletando dados demográficos, rendimentos e hábitos (consumo de energia) que definem quais modelos de compartilhamento a cultura local aceita em troca de remuneração financeira direta."